year,week_1,recent_G,recent_C,recent_P,sazae
1991,1,1,1,1,1
1991,0,2,1,2,0
1991,0,1,2,3,0
1991,1,1,3,4,2
1991,0,2,4,1,1
1991,0,3,1,2,0
1991,0,1,2,3,2
1991,0,2,3,1,0
1992,1,1,4,2,1
1992,0,2,1,3,2
1992,0,3,2,1,0
1992,0,1,3,2,1
1992,1,2,1,3,1
1992,0,3,1,4,2
1992,0,4,2,1,0
1992,0,1,3,2,1
1992,1,2,1,3,2
1992,0,3,2,1,0
1992,0,1,3,2,1
1992,0,2,1,3,2
1992,0,3,2,1,0
1992,1,1,3,2,0
1992,0,1,4,3,1
1992,0,2,1,4,2
1992,0,3,2,1,0
1992,1,1,3,2,2
1992,0,2,4,1,1
1992,0,3,1,2,0
1992,0,1,2,3,1
1992,0,2,1,4,2
1992,1,3,2,1,0
1992,0,1,3,2,0
1992,0,1,4,3,2
1992,0,2,5,1,2
1992,1,3,6,1,0
1992,0,1,7,2,1
1992,0,2,1,3,2
1992,0,3,2,1,0
1992,1,1,3,2,1
1992,0,2,1,3,0
1992,0,1,2,4,2
1992,0,2,3,1,2
1992,0,3,4,1,1
1992,1,4,1,2,1
1992,0,5,1,3,0
1992,0,1,2,4,2
1992,0,2,3,1,1
1992,1,3,1,2,0
1992,0,1,2,3,1
1992,0,2,1,4,1
1992,0,3,1,5,2
1992,1,4,2,1,0
1992,0,1,3,2,2
1992,0,2,4,1,2
1992,0,3,5,1,1
1992,0,4,1,2,0
1992,1,1,2,3,2
1992,0,2,3,1,0
1992,0,1,4,2,1
1992,0,2,1,3,0
1993,1,1,2,4,2
1993,0,2,3,1,2
1993,0,3,4,1,0
1993,0,1,5,2,1
1993,0,2,1,3,0
1993,1,1,2,4,1
1993,0,2,1,5,0
1993,0,1,2,6,2
1993,0,2,3,1,0
1993,1,1,4,2,0
1993,0,1,5,3,1
1993,0,2,1,4,2
1993,0,3,2,1,1
1993,1,4,1,2,2
1993,0,5,2,1,2
1993,0,6,3,1,0
1993,0,1,4,2,1
1993,1,2,1,3,0
1993,0,1,2,4,1
1993,0,2,1,5,1
1993,0,3,1,6,2
1993,0,4,2,1,2
1993,1,5,3,1,1
1993,0,6,1,2,0
1993,0,1,2,3,0
1993,0,1,3,4,0
1993,1,1,4,5,0
1993,0,1,5,6,1
1993,0,2,1,7,2
1993,1,3,2,1,0
1993,0,1,3,2,1
1993,0,2,1,3,0
1993,0,1,2,4,2
1993,0,2,3,1,1
1993,1,3,1,2,1
1993,0,4,1,3,2
1993,0,5,2,1,0
1993,0,1,3,2,0
1993,1,1,4,3,1
1993,0,2,1,4,2
1993,0,3,2,1,0
1993,0,1,3,2,0
1993,0,1,4,3,2
1993,1,2,5,1,1
1993,0,3,1,2,1
1993,0,4,1,3,2
1993,0,5,2,1,0
1993,1,1,3,2,2
1993,0,2,4,1,1
1993,0,3,1,2,0
1993,0,1,2,3,0
1994,1,1,3,4,2
1994,0,2,4,1,0
1994,0,1,5,2,1
1994,0,2,1,3,0
1994,0,1,2,4,1
1994,1,2,1,5,2
1994,0,3,2,1,2
1994,0,4,3,1,1
1994,0,5,1,2,0
1994,1,1,2,3,0
1994,0,1,3,4,2
1994,0,2,4,1,2
1994,0,3,5,1,1
1994,1,4,1,2,1
1994,0,5,1,3,2
1994,0,6,2,1,0
1994,0,1,3,2,1
1994,1,2,1,3,0
1994,0,1,2,4,2
1994,0,2,3,1,2
1994,0,3,4,1,1
1994,0,4,1,2,0
1994,1,1,2,3,1
1994,0,2,1,4,2
1994,0,3,2,1,1
1994,0,4,1,2,0
1994,1,1,2,3,2
1994,0,2,3,1,1
1994,0,3,1,2,1
1994,0,4,1,3,2
1994,1,5,2,1,0
1994,0,1,3,2,0
1994,0,1,4,3,1
1994,0,2,1,4,2
1994,1,3,2,1,0
1994,0,1,3,2,2
1994,0,2,4,1,1
1994,0,3,1,2,0
1994,1,1,2,3,0
1994,0,1,3,4,2
1994,0,2,4,1,2
1994,0,3,5,1,1
1994,1,4,1,2,0
1994,0,1,2,3,1
1994,0,2,1,4,2
1994,0,3,2,1,1
1994,1,4,1,2,0
1994,0,1,2,3,2
1994,0,2,3,1,0
1994,0,1,4,2,2
1995,1,2,5,1,1
1995,0,3,1,2,0
1995,0,1,2,3,2
1995,0,2,3,1,0
1995,1,1,4,2,1
1995,0,2,1,3,1
1995,0,3,1,4,2
1995,0,4,2,1,1
1995,1,5,1,2,0
1995,0,1,2,3,2
1995,0,2,3,1,2
1995,0,3,4,1,1
1995,1,4,1,2,0
1995,0,1,2,3,2
1995,0,2,3,1,1
1995,0,3,1,2,0
1995,0,1,2,3,1
1995,1,2,1,4,2
1995,0,3,2,1,2
1995,0,4,3,1,1
1995,0,5,1,2,0
1995,1,1,2,3,0
1995,0,1,3,4,1
1995,0,2,1,5,2
1995,0,3,2,1,1
1995,1,4,1,2,0
1995,0,1,2,3,2
1995,0,2,3,1,2
1995,0,3,4,1,0
1995,0,1,5,2,1
1995,1,2,1,3,1
1995,0,3,1,4,0
1995,0,1,2,5,2
1995,0,2,3,1,1
1995,1,3,1,2,2
1995,0,4,2,1,2
1995,0,5,3,1,0
1995,0,1,4,2,1
1995,1,2,1,3,1
1995,0,3,1,4,2
1995,0,4,2,1,0
1995,0,1,3,2,0
1995,0,1,4,3,2
1995,1,2,5,1,1
1995,0,3,1,2,2
1995,0,4,2,1,0
1995,0,1,3,2,1
1995,1,2,1,3,1
1995,0,3,1,4,0
1995,0,1,2,5,2
1995,0,2,3,1,1
1995,0,3,1,2,2
1996,1,4,2,1,1
1996,0,5,1,2,0
1996,0,1,2,3,0
1996,0,1,3,4,2
1996,1,2,4,1,1
1996,0,3,1,2,2
1996,0,4,2,1,2
1996,0,5,3,1,0
1996,1,1,4,2,1
1996,0,2,1,3,1
1996,0,3,1,4,0
1996,0,1,2,5,2
1996,0,2,3,1,0
1996,1,1,4,2,1
1996,0,2,1,3,2
1996,0,3,2,1,2
1996,0,4,3,1,1
1996,1,5,1,2,0
1996,0,1,2,3,0
1996,0,1,3,4,1
1996,0,2,1,5,2
1996,1,3,2,1,1
1996,0,4,1,2,2
1996,0,5,2,1,0
1996,0,1,3,2,1
1996,0,2,1,3,0
1996,1,1,2,4,1
1996,0,2,1,5,1
1996,0,3,1,6,2
1996,0,4,2,1,0
1996,1,1,3,2,2
1996,0,2,4,1,2
1996,0,3,5,1,1
1996,0,4,1,2,1
1996,1,5,1,3,0
1996,0,1,2,4,2
1996,0,2,3,1,0
1996,0,1,4,2,0
1996,0,1,5,3,1
1996,1,2,1,4,2
1996,0,3,2,1,1
1996,1,4,1,2,0
1996,0,1,2,3,0
1996,0,1,3,4,2
1996,0,2,4,1,1
1996,1,3,1,2,2
1996,0,4,2,1,2
1996,0,5,3,1,0
1996,0,1,4,2,0
1996,0,1,5,3,1
1997,1,2,1,4,1
1997,0,3,1,5,0
1997,0,1,2,6,2
1997,0,2,3,1,1
1997,1,3,1,2,2
1997,0,4,2,1,0
1997,0,1,3,2,2
1997,0,2,4,1,1
1997,1,3,1,2,0
1997,0,1,2,3,1
1997,0,2,1,4,0
1997,0,1,2,5,2
1997,0,2,3,1,2
1997,1,3,4,1,1
1997,0,4,1,2,0
1997,0,1,2,3,1
1997,0,2,1,4,2
1997,1,3,2,1,2
1997,0,4,3,1,0
1997,0,1,4,2,1
1997,0,2,1,3,2
1997,1,3,2,1,1
1997,0,4,1,2,0
1997,0,1,2,3,0
1997,0,1,3,4,2
1997,0,2,4,1,1
1997,1,3,1,2,1
1997,0,4,1,3,0
1997,0,1,2,4,2
1997,1,2,3,1,0
1997,0,1,4,2,1
1997,0,2,1,3,0
1997,0,1,2,4,2
1997,0,2,3,1,2
1997,1,3,4,1,1
1997,0,4,1,2,0
1997,0,1,2,3,1
1997,0,2,1,4,2
1997,1,3,2,1,1
1997,0,4,1,2,1
1997,0,5,1,3,0
1997,0,1,2,4,2
1997,1,2,3,1,1
1997,0,3,1,2,0
1997,0,1,2,3,1
1997,0,2,1,4,2
1997,0,3,2,1,0
1997,1,1,3,2,0
1997,0,1,4,3,2
1997,0,2,5,1,1
1997,0,3,1,2,2
1998,1,4,2,1,1
1998,0,5,1,2,0
1998,0,1,2,3,2
1998,0,2,3,1,2
1998,1,3,4,1,0
1998,0,1,5,2,1
1998,0,2,1,3,1
1998,0,3,1,4,0
1998,1,1,2,5,2
1998,0,2,3,1,2
1998,0,3,4,1,1
1998,0,4,1,2,0
1998,0,1,2,3,2
1998,1,2,3,1,1
1998,0,3,1,2,1
1998,0,4,1,3,0
1998,0,1,2,4,2
1998,1,2,3,1,1
1998,0,3,1,2,2
1998,0,4,2,1,0
1998,0,1,3,2,0
1998,0,1,4,3,1
1998,1,2,1,4,2
1998,0,3,2,1,1
1998,0,4,1,2,0
1998,0,1,2,3,2
1998,1,2,3,1,1
1998,0,3,1,2,2
1998,0,4,2,1,1
1998,0,5,1,2,0
1998,1,1,2,3,0
1998,0,1,3,4,2
1998,0,2,4,1,1
1998,0,3,1,2,2
1998,0,4,2,1,0
1998,1,1,3,2,1
1998,0,2,1,3,2
1998,0,3,2,1,2
1998,0,4,3,1,1
1998,1,5,1,2,1
1998,0,6,1,3,0
1998,0,1,2,4,2
1998,0,2,3,1,1
1998,1,3,1,2,2
1998,0,4,2,1,0
1998,0,1,3,2,0
1998,0,1,4,3,1
1998,0,2,1,4,2
1998,1,3,2,1,1
1998,0,4,1,2,2
1998,0,5,2,1,0
1998,0,1,3,2,2
1999,1,2,4,1,1
1999,0,3,1,2,1
1999,0,4,1,3,0
1999,0,1,2,4,2
1999,1,2,3,1,0
1999,0,1,4,2,1
1999,0,2,1,3,2
1999,0,3,2,1,1
1999,1,4,1,2,0
1999,0,1,2,3,0
1999,0,1,3,4,2
1999,0,2,4,1,1
1999,1,3,1,2,0
1999,0,1,2,3,1
1999,0,2,1,4,0
1999,0,1,2,5,0
1999,1,1,3,6,2
1999,0,2,4,1,2
1999,0,3,5,1,1
1999,0,4,1,2,0
1999,0,1,2,3,2
1999,1,2,3,1,0
1999,0,1,4,2,1
1999,0,2,1,3,0
1999,0,1,2,4,2
1999,1,2,3,1,2
1999,0,3,4,1,2
1999,0,4,5,1,1
1999,0,5,1,2,0
1999,1,1,2,3,2
1999,0,2,3,1,1
1999,0,3,1,2,0
1999,0,1,2,3,1
1999,0,2,1,4,1
1999,1,3,1,5,1
1999,0,4,1,6,2
1999,0,5,2,1,0
1999,0,1,3,2,0
1999,1,1,4,3,2
1999,0,2,5,1,0
1999,0,1,6,2,2
1999,0,2,7,1,1
1999,1,3,1,2,1
1999,0,4,1,3,2
1999,0,5,2,1,2
1999,0,6,3,1,0
1999,1,1,4,2,1
1999,0,2,1,3,0
1999,0,1,2,4,0
1999,0,1,3,5,1
2000,1,2,1,6,1
2000,0,3,1,7,2
2000,0,4,2,1,0
2000,1,1,3,2,0
2000,0,1,4,3,1
2000,0,2,1,4,2
2000,0,3,2,1,2
2000,1,4,3,1,0
2000,0,1,4,2,1
2000,0,2,1,3,2
2000,0,3,2,1,0
2000,1,1,3,2,1
2000,0,2,1,3,1
2000,0,3,1,4,0
2000,0,1,2,5,1
2000,0,2,1,6,2
2000,1,3,2,1,0
2000,0,1,3,2,1
2000,0,2,1,3,0
2000,0,1,2,4,0
2000,1,1,3,5,1
2000,0,2,1,6,2
2000,0,3,2,1,0
2000,0,1,3,2,1
2000,1,2,1,3,1
2000,0,3,1,4,1
2000,0,4,1,5,2
2000,0,5,2,1,2
2000,0,6,3,1,1
2000,1,7,1,2,1
2000,0,8,1,3,2
2000,0,9,2,1,0
2000,0,1,3,2,2
2000,1,2,4,1,0
2000,0,1,5,2,1
2000,0,2,1,3,1
2000,0,3,1,4,2
2000,1,4,2,1,2
2000,0,5,3,1,0
2000,0,1,4,2,0
2000,0,1,5,3,2
2000,0,2,6,1,1
2000,1,3,1,2,1
2000,0,4,1,3,2
2000,0,5,2,1,1
2000,0,6,1,2,2
2000,1,7,2,1,0
2000,0,1,3,2,2
2000,0,2,4,1,1
2000,0,3,1,2,1
2000,0,4,1,3,2
2001,1,5,2,1,1
2001,0,6,1,2,2
2001,0,7,2,1,0
2001,0,1,3,2,0
2001,1,1,4,3,1
2001,0,2,1,4,1
2001,0,3,1,5,1
2001,0,4,1,6,0
2001,1,1,2,7,1
2001,0,2,1,8,2
2001,0,3,2,1,1
2001,0,4,1,2,0
2001,1,1,2,3,1
2001,0,2,1,4,2
2001,0,3,2,1,0
2001,0,1,3,2,0
2001,0,1,4,3,2
2001,1,2,5,1,1
2001,0,3,1,2,2
2001,0,4,2,1,0
2001,0,1,3,2,2
2001,1,2,4,1,0
2001,0,1,5,2,0
2001,0,1,6,3,1
2001,0,2,1,4,1
2001,1,3,1,5,2
2001,0,4,2,1,0
2001,0,1,3,2,2
2001,0,2,4,1,1
2001,0,3,1,2,2
2001,1,4,2,1,1
2001,0,5,1,2,0
2001,0,1,2,3,0
2001,0,1,3,4,2
2001,1,2,4,1,1
2001,0,3,1,2,2
2001,0,4,2,1,2
2001,0,5,3,1,1
2001,1,6,1,2,1
2001,0,7,1,3,0
2001,0,1,2,4,1
2001,0,2,1,5,2
2001,1,3,2,1,1
2001,0,4,1,2,0
2001,0,1,2,3,0
2001,0,1,3,4,2
2001,1,2,4,1,1
2001,0,3,1,2,2
2001,0,4,2,1,1
2001,0,5,1,2,0
2001,0,1,2,3,2
2002,1,2,3,1,1
2002,0,3,1,2,1
2002,0,4,1,3,2
2002,1,5,2,1,0
2002,0,1,3,2,1
2002,0,2,1,3,2
2002,0,3,2,1,0
2002,1,1,3,2,0
2002,0,1,4,3,1
2002,0,2,1,4,0
2002,0,1,2,5,2
2002,0,2,3,1,0
2002,1,1,4,2,1
2002,0,2,1,3,1
2002,0,3,1,4,0
2002,0,1,2,5,2
2002,1,2,3,1,1
2002,0,3,1,2,2
2002,0,4,2,1,0
2002,0,1,3,2,1
2002,1,2,1,3,1
2002,0,3,1,4,2
2002,0,4,2,1,0
2002,0,1,3,2,1
2002,0,2,1,3,2
2002,1,3,2,1,1
2002,0,4,1,2,1
2002,0,5,1,3,0
2002,0,1,2,4,2
2002,1,2,3,1,1
2002,0,3,1,2,0
2002,0,1,2,3,0
2002,0,1,3,4,2
2002,1,2,4,1,0
2002,0,1,5,2,1
2002,0,2,1,3,0
2002,0,1,2,4,0
2002,1,1,3,5,1
2002,0,2,1,6,1
2002,0,3,1,7,2
2002,0,4,2,1,0
2002,1,1,3,2,0
2002,0,1,4,3,1
2002,0,2,1,4,2
2002,0,3,2,1,0
2002,1,1,3,2,1
2002,0,2,1,3,2
2002,0,3,2,1,2
2002,0,4,3,1,0
2002,0,1,4,2,1
2003,1,2,1,3,1
2003,0,3,1,4,2
2003,0,4,2,1,0
2003,1,1,3,2,2
2003,0,2,4,1,1
2003,0,3,1,2,2
2003,0,4,2,1,1
2003,1,5,1,2,0
2003,0,1,2,3,2
2003,0,2,3,1,1
2003,0,3,1,2,1
2003,0,4,1,3,0
2003,1,1,2,4,1
2003,0,2,1,5,1
2003,0,3,1,6,2
2003,0,4,2,1,2
2003,1,5,3,1,0
2003,0,1,4,2,0
2003,0,1,5,3,0
2003,0,1,6,4,1
2003,1,2,1,5,2
2003,0,3,2,1,1
2003,0,4,1,2,2
2003,0,5,2,1,2
2003,0,6,3,1,0
2003,1,1,4,2,1
2003,0,2,1,3,0
2003,0,1,2,4,2
2003,0,2,3,1,2
2003,1,3,4,1,1
2003,0,4,1,2,2
2003,0,5,2,1,2
2003,0,6,3,1,2
2003,0,7,4,1,1
2003,1,8,1,2,0
2003,0,1,2,3,0
2003,0,1,3,4,0
2003,0,1,4,5,2
2003,1,2,5,1,1
2003,0,3,1,2,0
2003,0,1,2,3,2
2003,0,2,3,1,2
2003,1,3,4,1,1
2003,0,4,1,2,1
2003,0,5,1,3,0
2003,0,1,2,4,1
2003,1,2,1,5,2
2003,0,3,2,1,2
2003,0,4,3,1,0
2003,0,1,4,2,2
2004,1,2,5,1,1
2004,0,3,1,2,1
2004,0,4,1,3,2
2004,0,5,2,1,2
2004,1,6,3,1,1
2004,0,7,1,2,0
2004,0,1,2,3,1
2004,0,2,1,4,0
2004,0,1,2,5,0
2004,1,1,3,6,2
2004,0,2,4,1,2
2004,0,3,5,1,1
2004,0,4,1,2,2
2004,1,5,2,1,1
2004,0,6,1,2,1
2004,0,7,1,3,0
2004,0,1,2,4,2
2004,1,2,3,1,0
2004,0,1,4,2,1
2004,0,2,1,3,2
2004,0,3,2,1,0
2004,0,1,3,2,0
2004,1,1,4,3,1
2004,0,2,1,4,2
2004,0,3,2,1,0
2004,0,1,3,2,2
2004,1,2,4,1,1
2004,0,3,1,2,2
2004,0,4,2,1,2
2004,0,5,3,1,1
2004,1,6,1,2,0
2004,0,1,2,3,2
2004,0,2,3,1,0
2004,0,1,4,2,0
2004,1,1,5,3,1
2004,0,2,1,4,2
2004,0,3,2,1,0
2004,0,1,3,2,0
2004,1,1,4,3,1
2004,0,2,1,4,1
2004,0,3,1,5,2
2004,1,4,2,1,0
2004,0,1,3,2,0
2004,0,1,4,3,0
2004,0,1,5,4,0
2004,1,1,6,5,1
2004,0,2,1,6,2
2004,0,3,2,1,1
2004,0,4,1,2,0
2005,1,1,2,3,1
2005,0,2,1,4,2
2005,0,3,2,1,2
2005,1,4,3,1,1
2005,0,5,1,2,2
2005,0,6,2,1,0
2005,0,1,3,2,0
2005,1,1,4,3,2
2005,0,2,5,1,1
2005,0,3,1,2,2
2005,0,4,2,1,1
2005,1,5,1,2,1
2005,0,6,1,3,0
2005,0,1,2,4,2
2005,0,2,3,1,0
2005,1,1,4,2,1
2005,0,2,1,3,1
2005,0,3,1,4,0
2005,0,1,2,5,2
2005,0,2,3,1,2
2005,1,3,4,1,2
2005,0,4,5,1,0
2005,0,1,6,2,1
2005,0,2,1,3,0
2005,1,1,2,4,1
2005,0,2,1,5,0
2005,0,1,2,6,2
2005,0,2,3,1,1
2005,0,3,1,2,1
2005,1,4,1,3,2
2005,0,5,2,1,1
2005,0,6,1,2,1
2005,0,7,1,3,0
2005,1,1,2,4,0
2005,0,1,3,5,1
2005,0,2,1,6,2
2005,1,3,2,1,1
2005,0,4,1,2,0
2005,0,1,2,3,2
2005,0,2,3,1,1
2005,0,3,1,2,0
2005,1,1,2,3,2
2005,0,2,3,1,1
2005,0,3,1,2,2
2005,0,4,2,1,2
2005,1,5,3,1,0
2005,0,1,4,2,0
2005,0,1,5,3,1
2005,0,2,1,4,2
2006,1,3,2,1,1
2006,0,4,1,2,1
2006,0,5,1,3,0
2006,0,1,2,4,2
2006,1,2,3,1,1
2006,0,3,1,2,2
2006,0,4,2,1,0
2006,1,1,3,2,0
2006,0,1,4,3,0
2006,0,1,5,4,1
2006,0,2,1,5,2
2006,1,3,2,1,1
2006,0,4,1,2,2
2006,0,5,2,1,0
2006,0,1,3,2,2
2006,0,2,4,1,1
2006,1,3,1,2,2
2006,0,4,2,1,2
2006,0,5,3,1,1
2006,0,6,1,2,0
2006,1,1,2,3,1
2006,0,2,1,4,2
2006,0,3,2,1,2
2006,0,4,3,1,0
2006,1,1,4,2,1
2006,0,2,1,3,0
2006,0,1,2,4,1
2006,0,2,1,5,2
2006,0,3,2,1,1
2006,1,4,1,2,1
2006,0,5,1,3,2
2006,0,6,2,1,0
2006,0,1,3,2,2
2006,1,2,4,1,1
2006,0,3,1,2,2
2006,0,4,2,1,1
2006,0,5,1,2,1
2006,1,6,1,3,0
2006,0,1,2,4,2
2006,0,2,3,1,2
2006,0,3,4,1,0
2006,1,1,5,2,1
2006,0,2,1,3,0
2006,0,1,2,4,2
2006,0,2,3,1,0
2006,1,1,4,2,1
2006,0,2,1,3,0
2006,0,1,2,4,0
2006,0,1,3,5,2
2006,0,2,4,1,1
2007,1,3,1,2,1
2007,0,4,1,3,2
2007,0,5,2,1,0
2007,0,1,3,2,0
2007,1,1,4,3,1
2007,0,2,1,4,0
2007,0,1,2,5,1
2007,0,2,1,6,2
2007,1,3,2,1,1
2007,0,4,1,2,1
2007,0,5,1,3,0
2007,0,1,2,4,0
2007,1,1,3,5,1
2007,0,2,1,6,0
2007,0,1,2,7,2
2007,0,2,3,1,2
2007,0,3,4,1,1
2007,1,4,1,2,0
2007,0,1,2,3,0
2007,0,1,3,4,2
2007,0,2,4,1,2
2007,1,3,5,1,0
2007,0,1,6,2,1
2007,0,2,1,3,1
2007,0,3,1,4,0
2007,1,1,2,5,2
2007,0,2,3,1,0
2007,0,1,4,2,0
2007,0,1,5,3,1
2007,0,2,1,4,1
2007,1,3,1,5,2
2007,0,4,2,1,2
2007,0,5,3,1,1
2007,0,6,1,2,0
2007,1,1,2,3,2
2007,0,2,3,1,0
2007,0,1,4,2,1
2007,0,2,1,3,2
2007,0,3,2,1,1
2007,1,4,1,2,0
2007,0,1,2,3,0
2007,0,1,3,4,1
2007,0,2,1,5,2
2007,1,3,2,1,1
2007,0,4,1,2,2
2007,0,5,2,1,0
2007,0,1,3,2,2
2007,1,2,4,1,1
2007,0,3,1,2,1
2007,0,4,1,3,0
2007,0,1,2,4,0
2008,1,1,3,5,1
2008,0,2,1,6,2
2008,0,3,2,1,1
2008,0,4,1,2,0
2008,1,1,2,3,2
2008,0,2,3,1,1
2008,0,3,1,2,2
2008,0,4,2,1,1
2008,1,5,1,2,0
2008,0,1,2,3,2
2008,0,2,3,1,1
2008,0,3,1,2,2
2008,0,4,2,1,0
2008,1,1,3,2,0
2008,0,1,4,3,2
2008,0,2,5,1,1
2008,0,3,1,2,1
2008,1,4,1,3,0
2008,0,1,2,4,2
2008,0,2,3,1,1
2008,0,3,1,2,2
2008,1,4,2,1,1
2008,0,5,1,2,0
2008,0,1,2,3,1
2008,0,2,1,4,0
2008,0,1,2,5,2
2008,1,2,3,1,1
2008,0,3,1,2,0
2008,0,1,2,3,1
2008,0,2,1,4,2
2008,1,3,2,1,1
2008,0,4,1,2,0
2008,0,1,2,3,2
2008,0,2,3,1,1
2008,1,3,1,2,0
2008,0,1,2,3,1
2008,0,2,1,4,2
2008,0,3,2,1,0
2008,1,1,3,2,1
2008,0,2,1,3,0
2008,0,1,2,4,2
2008,0,2,3,1,2
2008,1,3,4,1,1
2008,0,4,1,2,1
2008,0,5,1,3,1
2008,0,6,1,4,2
2008,0,7,2,1,1
2008,1,8,1,2,0
2008,0,1,2,3,1
2008,0,2,1,4,2
2008,0,3,2,1,0
2009,1,1,3,2,1
2009,0,2,1,3,1
2009,0,3,1,4,2
2009,0,4,2,1,2
2009,1,5,3,1,0
2009,0,1,4,2,1
2009,0,2,1,3,0
2009,0,1,2,4,1
2009,1,2,1,5,2
2009,0,3,2,1,2
2009,0,4,3,1,0
2009,0,1,4,2,0
2009,1,1,5,3,1
2009,0,2,1,4,2
2009,0,3,2,1,0
2009,0,1,3,2,2
2009,1,2,4,1,2
2009,0,3,5,1,1
2009,0,4,1,2,0
2009,0,1,2,3,1
2009,0,2,1,4,2
2009,1,3,2,1,0
2009,0,1,3,2,0
2009,0,1,4,3,1
2009,0,2,1,4,2
2009,1,3,2,1,1
2009,0,4,1,2,2
2009,0,5,2,1,0
2009,0,1,3,2,1
2009,1,2,1,3,2
2009,0,3,2,1,0
2009,0,1,3,2,2
2009,0,2,4,1,2
2009,0,3,5,1,1
2009,1,4,1,2,0
2009,0,1,2,3,1
2009,0,2,1,4,2
2009,0,3,2,1,0
2009,1,1,3,2,1
2009,0,2,1,3,1
2009,0,3,1,4,2
2009,0,4,2,1,0
2009,1,1,3,2,1
2009,0,2,1,3,1
2009,0,3,1,4,2
2009,0,4,2,1,2
2009,1,5,3,1,0
2009,0,1,4,2,0
2009,0,1,5,3,1
2009,0,2,1,4,2
2010,1,3,2,1,1
2010,0,4,1,2,0
2010,0,1,2,3,2
2010,1,2,3,1,1
2010,0,3,1,2,0
2010,0,1,2,3,2
2010,0,2,3,1,2
2010,1,3,4,1,0
2010,0,1,5,2,1
2010,0,2,1,3,1
2010,0,3,1,4,2
2010,1,4,2,1,0
2010,0,1,3,2,0
2010,0,1,4,3,1
2010,0,2,1,4,2
2010,1,3,2,1,1
2010,0,4,1,2,2
2010,0,5,2,1,0
2010,0,1,3,2,2
2010,0,2,4,1,0
2010,1,1,5,2,1
2010,0,2,1,3,0
2010,0,1,2,4,1
2010,0,2,1,5,2
2010,1,3,2,1,1
2010,0,4,1,2,0
2010,0,1,2,3,2
2010,0,2,3,1,1
2010,1,3,1,2,2
2010,0,4,2,1,1
2010,0,5,1,2,0
2010,0,1,2,3,2
2010,0,2,3,1,1
2010,1,3,1,2,0
2010,0,1,2,3,0
2010,0,1,3,4,2
2010,1,2,4,1,1
2010,0,3,1,2,2
2010,0,4,2,1,2
2010,0,5,3,1,0
2010,0,1,4,2,1
2010,1,2,1,3,1
2010,0,3,1,4,2
2010,0,4,2,1,0
2010,1,1,3,2,0
2010,0,1,4,3,1
2010,0,2,1,4,2
2010,0,3,2,1,2
2011,1,4,3,1,1
2011,0,5,1,2,0
2011,0,1,2,3,2
2011,0,2,3,1,2
2011,0,3,4,1,0
2011,1,1,5,2,1
2011,0,2,1,3,0
2011,0,1,2,4,2
2011,0,2,3,1,1
2011,1,3,1,2,0
2011,0,1,2,3,2
2011,0,2,3,1,0
2011,1,1,4,2,1
2011,0,2,1,3,1
2011,0,3,1,4,2
2011,0,4,2,1,0
2011,1,1,3,2,1
2011,0,2,1,3,2
2011,0,3,2,1,2
2011,0,4,3,1,0
2011,0,1,4,2,0
2011,1,1,5,3,1
2011,0,2,1,4,2
2011,0,3,2,1,2
2011,0,4,3,1,0
2011,1,1,4,2,1
2011,0,2,1,3,0
2011,0,1,2,4,2
2011,0,2,3,1,1
2011,0,3,1,2,0
2011,1,1,2,3,1
2011,0,2,1,4,0
2011,0,1,2,5,2
2011,0,2,3,1,2
2011,1,3,4,1,1
2011,0,4,1,2,0
2011,0,1,2,3,2
2011,0,2,3,1,0
2011,1,1,4,2,1
2011,0,2,1,3,0
2011,0,1,2,4,1
2011,0,2,1,5,2
2011,0,3,2,1,0
2011,1,1,3,2,0
2011,0,1,4,3,1
2011,0,2,1,4,2
2011,0,3,2,1,2
2011,1,4,3,1,1
2011,0,5,1,2,0
2011,0,1,2,3,2
2011,0,2,3,1,2
2012,1,3,4,1,1
2012,0,4,1,2,0
2012,0,1,2,3,0
2012,0,1,3,4,1
2012,1,2,1,5,2
2012,0,3,2,1,2
2012,0,4,3,1,0
2012,1,1,4,2,1
2012,0,2,1,3,0
2012,0,1,2,4,2
2012,0,2,3,1,2
2012,1,3,4,1,1
2012,0,4,1,2,0
2012,0,1,2,3,2
2012,0,2,3,1,2
2012,0,3,4,1,1
2012,1,4,1,2,0
2012,0,1,2,3,1
2012,0,2,1,4,2
2012,0,3,2,1,0
2012,1,1,3,2,2
2012,0,2,4,1,1
2012,0,3,1,2,0
2012,0,1,2,3,2
2012,1,2,3,1,1
2012,0,3,1,2,2
2012,0,4,2,1,1
2012,0,5,1,2,1
2012,0,6,1,3,0
2012,1,1,2,4,0
2012,0,1,3,5,2
2012,0,2,4,1,2
2012,1,3,5,1,1
2012,0,4,1,2,0
2012,0,1,2,3,2
2012,0,2,3,1,2
2012,0,3,4,1,0
2012,1,1,5,2,1
2012,0,2,1,3,1
2012,0,3,1,4,2
2012,0,4,2,1,0
2012,1,1,3,2,0
2012,0,1,4,3,2
2012,0,2,5,1,1
2012,0,3,1,2,2
2012,1,4,2,1,1
2012,0,5,1,2,0
2012,0,1,2,3,1
2012,0,2,1,4,2
2013,1,3,2,1,1
2013,0,4,1,2,0
2013,0,1,2,3,0
2013,0,1,3,4,2
2013,1,2,4,1,1
2013,0,3,1,2,0
2013,0,1,2,3,2
2013,0,2,3,1,2
2013,1,3,4,1,1
2013,0,4,1,2,0
2013,0,1,2,3,1
2013,0,2,1,4,0
2013,0,1,2,5,2
2013,1,2,3,1,1
2013,0,3,1,2,2
2013,0,4,2,1,1
2013,0,5,1,2,2
2013,1,6,2,1,2
2013,0,7,3,1,1
2013,0,8,1,2,0
2013,0,1,2,3,0
2013,1,1,3,4,1
2013,0,2,1,5,2
2013,0,3,2,1,0
2013,0,1,3,2,1
2013,0,2,1,3,2
2013,1,3,2,1,1
2013,0,4,1,2,2
2013,0,5,2,1,0
2013,0,1,3,2,0
2013,1,1,4,3,1
2013,0,2,1,4,2
2013,0,3,2,1,2
2013,1,4,3,1,1
2013,0,5,1,2,0
2013,0,1,2,3,1
2013,0,2,1,4,2
2013,0,3,2,1,2
2013,1,4,3,1,1
2013,0,5,1,2,0
2013,0,1,2,3,0
2013,0,1,3,4,2
2013,1,2,4,1,1
2013,0,3,1,2,1
2013,0,4,1,3,2
2013,0,5,2,1,0
2013,1,1,3,2,0
2013,0,1,4,3,1
2013,0,2,1,4,2
2013,0,3,2,1,2
2013,0,4,3,1,1
2014,1,5,1,2,1
2014,0,6,1,3,0
2014,0,1,2,4,2
2014,0,2,3,1,0
2014,1,1,4,2,1
2014,0,2,1,3,2
2014,0,3,2,1,1
2014,0,4,1,2,0
2014,1,1,2,3,0
2014,0,1,3,4,2
2014,0,2,4,1,1
2014,0,3,1,2,2
2014,0,4,2,1,0
2014,1,1,3,2,1
2014,0,2,1,3,0
2014,0,1,2,4,0
2014,0,1,3,5,2
2014,1,2,4,1,1
2014,0,3,1,2,2
2014,0,4,2,1,0
2014,0,1,3,2,2
2014,1,2,4,1,1
2014,0,3,1,2,2
2014,0,4,2,1,0
2014,0,1,3,2,1
2014,0,2,1,3,2
2014,1,3,2,1,1
2014,0,4,1,2,0
2014,0,1,2,3,1
2014,0,2,1,4,1
2014,1,3,1,5,2
2014,0,4,2,1,0
2014,0,1,3,2,2
2014,0,2,4,1,1
2014,0,3,1,2,2
2014,1,4,2,1,0
2014,0,1,3,2,1
2014,0,2,1,3,2
2014,0,3,2,1,2
2014,1,4,3,1,1
2014,0,5,1,2,0
2014,0,1,2,3,0
2014,0,1,3,4,1
2014,1,2,1,5,2
2014,0,3,2,1,0
2014,0,1,3,2,2
2014,0,2,4,1,1
2014,0,3,1,2,0
2014,1,1,2,3,1
2014,0,2,1,4,2
2014,0,3,2,1,0
2015,1,1,3,2,1
2015,0,2,1,3,1
2015,0,3,1,4,0
2015,1,1,2,5,2
2015,0,2,3,1,2
2015,0,3,4,1,1
2015,0,4,1,2,0
2015,1,1,2,3,1
2015,0,2,1,4,2
2015,0,3,2,1,0
2015,0,1,3,2,1
2015,0,2,1,3,0
2015,1,1,2,4,1
2015,0,2,1,5,2
2015,0,3,2,1,0
2015,0,1,3,2,0
2015,1,1,4,3,1
2015,0,2,1,4,2
2015,0,3,2,1,0
2015,0,1,3,2,2
2015,0,2,4,1,1
2015,1,3,1,2,0
2015,0,1,2,3,1
2015,0,2,1,4,2
2015,0,3,2,1,2
2015,1,4,3,1,1
2015,0,5,1,2,0
2015,0,1,2,3,1
2015,0,2,1,4,1
2015,1,3,1,5,2
2015,0,4,2,1,0
2015,0,1,3,2,0
2015,0,1,4,3,2
2015,0,2,5,1,1
2015,1,3,1,2,0
2015,0,1,2,3,1
2015,0,2,1,4,2
2015,0,3,2,1,0
2015,1,1,3,2,1
2015,0,2,1,3,0
2015,0,1,2,4,2
2015,0,2,3,1,2
2015,1,3,4,1,1
2015,0,4,1,2,0
2015,0,1,2,3,0
2015,0,1,3,4,2
2015,0,2,4,1,1
2015,1,3,1,2,0
2015,0,1,2,3,2
2015,0,2,3,1,2
2016,1,3,4,1,1
2016,0,4,1,2,0
2016,0,1,2,3,1
2016,0,2,1,4,0
2016,1,1,2,5,2
2016,0,2,3,1,1
2016,0,3,1,2,1
2016,0,4,1,3,0
2016,1,1,2,4,2
2016,0,2,3,1,2
2016,0,3,4,1,0
2016,0,1,5,2,1
2016,1,2,1,3,2
2016,0,3,2,1,0
2016,0,1,3,2,0
2016,0,1,4,3,1
2016,1,2,1,4,1
2016,0,3,1,5,2
2016,0,4,2,1,2
2016,0,5,3,1,0
2016,0,1,4,2,2
2016,1,2,5,1,1
2016,0,3,1,2,0
2016,0,1,2,3,2
2016,0,2,3,1,0
2016,1,1,4,2,1
2016,0,2,1,3,1
2016,0,3,1,4,2
2016,0,4,2,1,1
2016,0,5,1,2,0
2016,1,1,2,3,0
2016,0,1,3,4,1
2016,0,2,1,5,2
2016,0,3,2,1,1
2016,1,4,1,2,2
2016,0,5,2,1,0
2016,0,1,3,2,0
2016,0,1,4,3,2
2016,1,2,5,1,1
2016,0,3,1,2,0
2016,0,1,2,3,1
2016,0,2,1,4,2
2016,1,3,2,1,1
2016,0,4,1,2,0
2016,0,1,2,3,0
2016,0,1,3,4,2
2016,1,2,4,1,2
2016,0,3,5,1,1
2016,0,4,1,2,0
2016,0,1,2,3,2
2017,1,2,3,1,1
2017,0,3,1,2,1
2017,0,4,1,3,2
2017,0,5,2,1,0
2017,1,1,3,2,0
2017,0,1,4,3,2
2017,0,2,5,1,1
2017,0,3,1,2,1
2017,1,4,1,3,0
2017,0,1,2,4,2
2017,0,2,3,1,1
2017,1,3,1,2,1
2017,0,4,1,3,0
2017,0,1,2,4,2
2017,0,2,3,1,2
2017,0,3,4,1,1
2017,1,4,1,2,0
2017,0,1,2,3,2
2017,0,2,3,1,1
2017,0,3,1,2,0
2017,1,1,2,3,1
2017,0,2,1,4,2
2017,0,3,2,1,0
2017,0,1,3,2,0
2017,1,1,4,3,1
2017,0,2,1,4,2
2017,0,3,2,1,0
2017,0,1,3,2,2
2017,0,2,4,1,1
2017,1,3,1,2,2
2017,0,4,2,1,0
2017,0,1,3,2,1
2017,0,2,1,3,0
2017,1,1,2,4,2
2017,0,2,3,1,2
2017,0,3,4,1,1
2017,0,4,1,2,0
2017,1,1,2,3,1
2017,0,2,1,4,2
2017,0,3,2,1,0
2017,1,1,3,2,1
2017,0,2,1,3,1
2017,0,3,1,4,0
2017,0,1,2,5,2
2017,1,2,3,1,2
2017,0,3,4,1,1
2017,0,4,1,2,0
2017,0,1,2,3,2
2018,1,2,3,1,1
2018,0,3,1,2,0
2018,0,1,2,3,1
2018,0,2,1,4,0
2018,1,1,2,5,2
2018,0,2,3,1,0
2018,0,1,4,2,1
2018,0,2,1,3,1
2018,1,3,1,4,2
2018,0,4,2,1,0
2018,0,1,3,2,0
2018,0,1,4,3,1
2018,1,2,1,4,1
2018,0,3,1,5,0
2018,0,1,2,6,2
2018,0,2,3,1,2
2018,0,3,4,1,1
2018,1,4,1,2,0
2018,0,1,2,3,1
2018,0,2,1,4,2
2018,0,3,2,1,0
2018,1,1,3,2,1
2018,0,2,1,3,0
2018,0,1,2,4,2
2018,0,2,3,1,2
2018,1,3,4,1,1
2018,0,4,1,2,0
2018,0,1,2,3,2
2018,0,2,3,1,0
2018,0,1,4,2,1
2018,1,2,1,3,1
2018,0,3,1,4,2
2018,0,4,2,1,0
2018,0,1,3,2,0
2018,1,1,4,3,2
2018,0,2,5,1,1
2018,0,3,1,2,0
2018,0,1,2,3,1
2018,0,2,1,4,2
2018,1,3,2,1,1
2018,0,4,1,2,0
2018,0,1,2,3,2
2018,1,2,3,1,2
2018,0,3,4,1,1
2018,0,4,1,2,1
2018,0,5,1,3,0
2018,1,1,2,4,0
2018,0,1,3,5,2
2018,0,2,4,1,1
2019,1,3,1,2,1
2019,0,4,1,3,2
2019,0,5,2,1,0
2019,0,1,3,2,1
2019,1,2,1,3,0
2019,0,1,2,4,2
2019,0,2,3,1,2
2019,0,3,4,1,1
2019,1,4,1,2,1
2019,0,5,1,3,0
2019,0,1,2,4,1
2019,0,2,1,5,2
2019,0,3,2,1,0
2019,1,1,3,2,1
2019,0,2,1,3,1
2019,0,3,1,4,0
2019,0,1,2,5,2
2019,1,2,3,1,1
2019,0,3,1,2,2
2019,0,4,2,1,0
2019,0,1,3,2,0
2019,1,1,4,3,1
2019,0,2,1,4,2
2019,0,3,2,1,0
2019,0,1,3,2,1
2019,0,2,1,3,2
2019,1,3,2,1,1
2019,0,4,1,2,0
2019,0,1,2,3,1
2019,0,2,1,4,2
2019,1,3,2,1,2
2019,0,4,3,1,0
2019,0,1,4,2,1
2019,0,2,1,3,0
2019,1,1,2,4,1
2019,0,2,1,5,2
2019,0,3,2,1,0
2019,0,1,3,2,2
2019,0,2,4,1,1
2019,1,3,1,2,1
2019,0,4,1,3,0
2019,0,1,2,4,2
2019,0,2,3,1,0
2019,1,1,4,2,1
2019,0,2,1,3,2
2019,0,3,2,1,1
2019,0,4,1,2,1
2019,1,5,1,3,0
2019,0,1,2,4,2
2019,0,2,3,1,0
2019,0,1,4,2,1
2019,0,2,1,3,2
2020,1,3,2,1,1
2020,0,4,1,2,0
2020,0,1,2,3,2
2020,1,2,3,1,1
2020,0,3,1,2,2
2020,0,4,2,1,2
2020,0,5,3,1,0
2020,1,1,4,2,1
2020,0,2,1,3,0
2020,0,1,2,4,1
2020,0,2,1,5,2
2020,0,3,2,1,0
2020,1,1,3,2,1
2020,0,2,1,3,1
2020,0,3,1,4,2
2020,0,4,2,1,0
2020,1,1,3,2,1
2020,0,2,1,3,2
2020,0,3,2,1,2
2020,0,4,3,1,2
2020,0,5,4,1,2
2020,1,6,5,1,2
2020,0,7,6,1,1
2020,0,8,1,2,2
2020,0,9,2,1,0
2020,1,1,3,2,1
2020,0,2,1,3,0
2020,0,1,2,4,0
2020,0,1,3,5,2
2020,1,2,4,1,1
2020,0,3,1,2,2
2020,0,4,2,1,0
2020,0,1,3,2,1
2020,0,2,1,3,0
2020,1,1,2,4,1
2020,0,2,1,5,2
2020,0,3,2,1,2
2020,0,4,3,1,0
2020,1,1,4,2,1
2020,0,2,1,3,2
2020,0,3,2,1,1
2020,0,4,1,2,0
2020,1,1,2,3,1
2020,0,2,1,4,0
2020,0,1,2,5,2
2020,0,2,3,1,2
2020,0,3,4,1,1
2020,1,4,1,2,0
2020,0,1,2,3,0
2020,0,1,3,4,2
2020,0,2,4,1,1
2021,1,3,1,2,1
2021,0,4,1,3,2
2021,0,5,2,1,0
2021,0,1,3,2,0
2021,1,1,4,3,1
2021,0,2,1,4,1
2021,0,3,1,5,2
2021,0,4,2,1,1
2021,1,5,1,2,0
2021,0,1,2,3,2
2021,0,2,3,1,0
2021,1,1,4,2,1
2021,0,2,1,3,2
2021,0,3,2,1,0
2021,0,1,3,2,0
2021,1,1,4,3,1
2021,0,2,1,4,2
2021,0,3,2,1,1
2021,0,4,1,2,1
2021,0,5,1,3,0
2021,1,1,2,4,1
2021,0,2,1,5,2
2021,0,3,2,1,2
2021,0,4,3,1,0
2021,1,1,4,2,1
2021,0,2,1,3,0
2021,0,1,2,4,1
2021,0,2,1,5,2
2021,1,3,2,1,0
2021,0,1,3,2,1
2021,0,2,1,3,2
2021,0,3,2,1,2
2021,0,4,3,1,0
2021,1,1,4,2,1
2021,0,2,1,3,1
2021,0,3,1,4,0
2021,0,1,2,5,2
2021,1,2,3,1,0
2021,0,1,4,2,1
2021,0,2,1,3,2
2021,0,3,2,1,2
2021,0,4,3,1,1
2021,1,5,1,2,0
2021,0,1,2,3,0
2021,0,1,3,4,1
2021,0,2,1,5,2
2021,1,3,2,1,1
2021,0,4,1,2,0
2021,0,1,2,3,0
2021,0,1,3,4,2
2022,1,2,4,1,1
2022,0,3,1,2,2
2022,0,4,2,1,1
2022,1,5,1,2,0
2022,0,1,2,3,1
2022,0,2,1,4,2
2022,0,3,2,1,0
2022,1,1,3,2,0
2022,0,1,4,3,1
2022,0,2,1,4,1
2022,0,3,1,5,2
2022,1,4,2,1,1
2022,0,5,1,2,0
2022,0,1,2,3,0
2022,0,1,3,4,2
2022,1,2,4,1,1
2022,0,3,1,2,1
2022,0,4,1,3,0
2022,0,1,2,4,1
2022,1,2,1,5,2
2022,0,3,2,1,1
2022,0,4,1,2,0
2022,0,1,2,3,2
2022,1,2,3,1,1
2022,0,3,1,2,2
2022,0,4,2,1,1
2022,0,5,1,2,0
2022,0,1,2,3,1
2022,1,2,1,4,1
2022,0,3,1,5,2
2022,0,4,2,1,0
2022,0,1,3,2,0
2022,1,1,4,3,1
2022,0,2,1,4,2
2022,0,3,2,1,0
2022,0,1,3,2,2
2022,1,2,4,1,1
2022,0,3,1,2,0
2022,0,1,2,3,1
2022,0,2,1,4,2
2022,1,3,2,1,1
2022,0,4,1,2,0
2022,0,1,2,3,0
2022,0,1,3,4,2
2022,1,2,4,1,1
2022,0,3,1,2,2
2022,0,4,2,1,2
2022,0,5,3,1,0
2023,1,1,4,2,1
2023,0,2,1,3,1
2023,0,3,1,4,2
2023,0,4,2,1,0
2023,1,1,3,2,2
2023,0,2,4,1,1
2023,0,3,1,2,2
2023,0,4,2,1,1
2023,1,5,1,2,2
2023,0,6,2,1,0
2023,0,1,3,2,0
2023,0,1,4,3,2
2023,1,2,5,1,1
2023,0,3,1,2,1
2023,0,4,1,3,2
2023,0,5,2,1,0
2023,0,1,3,2,1
2023,1,2,1,3,2
2023,0,3,2,1,0
2023,0,1,3,2,2
2023,0,2,4,1,2
2023,1,3,5,1,1
2023,0,4,1,2,0
2023,0,1,2,3,1
2023,0,2,1,4,0
2023,1,1,2,5,2
2023,0,2,3,1,0
2023,0,1,4,2,1
2023,0,2,1,3,1
2023,0,3,1,4,0
2023,1,1,2,5,2
2023,0,2,3,1,0
2023,0,1,4,2,2
2023,0,2,5,1,1
2023,1,3,1,2,1
2023,0,4,1,3,0
2023,0,1,2,4,2
2023,0,2,3,1,0
2023,1,1,4,2,1
2023,0,2,1,3,1
2023,0,3,1,4,1
2023,0,4,1,5,2
2023,0,5,2,1,0
2023,1,1,3,2,1
2023,0,2,1,3,0
2023,0,1,2,4,2
2023,1,2,3,1,2
2023,0,3,4,1,1
2023,0,4,1,2,0
2023,0,1,2,3,1
2023,0,2,1,4,1
2024,1,3,1,5,1
2024,0,4,1,6,2
2024,0,5,2,1,0
2024,0,1,3,2,0
2024,1,1,4,3,0
2024,0,1,5,4,2
2024,0,2,6,1,2
2024,0,3,7,1,0
2024,1,1,8,2,1
2024,0,2,1,3,1
2024,0,3,1,4,2
2024,0,4,2,1,0
2024,1,1,3,2,1
2024,0,2,1,3,0
2024,0,1,2,4,2
2024,0,2,3,1,1
2024,1,3,1,2,2
2024,0,4,2,1,0
2024,0,1,3,2,2
2024,0,2,4,1,1
2024,1,3,1,2,2
2024,0,4,2,1,0
2024,0,1,3,2,0
2024,0,1,4,3,1
2024,0,2,1,4,2
2024,1,3,2,1,1
2024,0,4,1,2,0
2024,0,1,2,3,1
2024,0,2,1,4,2
2024,1,3,2,1,2
2024,0,4,3,1,0
2024,0,1,4,2,1
2024,0,2,1,3,2